{
  "HALProvider": {
    "Timing": {
      "window": {
        "visible": false
      }
    }
  },
  "NTProvider": {
    "types": {
      "/FMSInfo": "FMSInfo",
      "/SmartDashboard/Encoders": "Alerts",
      "/SmartDashboard/Field": "Field2d",
      "/SmartDashboard/IMU": "Alerts",
      "/SmartDashboard/JSON": "Alerts",
      "/SmartDashboard/Motors": "Alerts",
      "/SmartDashboard/Pigeon 2 (v6) [9]": "Gyro",
      "/SmartDashboard/SendableChooser[0]": "String Chooser",
      "/SmartDashboard/Swerve Drive": "Alerts",
      "/SmartDashboard/TestShooter": "Mechanism2d"
    },
    "windows": {
      "/SmartDashboard/Field": {
        "OdometryPose": {
          "arrowColor": [
            0.615686297416687,
            0.5882353186607361,
            0.19607843458652496,
            255.0
          ],
          "arrowSize": 37,
          "arrowWeight": 1.0,
          "color": [
            0.6166666746139526,
            0.5885741114616394,
            0.19527778029441833,
            255.0
          ],
          "length": 0.8199999928474426,
          "weight": 2.0,
          "width": 0.6859999895095825
        },
        "Robot": {
          "arrowColor": [
            1.0,
            1.0,
            0.0,
            255.0
          ],
          "arrowWeight": 1.0,
          "color": [
            255.0,
            238.0,
            0.0,
            255.0
          ]
        },
        "TemplateOdometry": {
          "arrowColor": [
            0.572549045085907,
            0.4901960790157318,
            0.08235294371843338,
            255.0
          ],
          "arrowSize": 39,
          "arrowWeight": 1.0,
          "color": [
            0.5722222328186035,
            0.49062761664390564,
            0.08265433460474014,
            255.0
          ],
          "weight": 1.0
        },
        "TemplateRobotPose": {
          "arrowColor": [
            0.5607843399047852,
            0.7490196228027344,
            0.0470588244497776,
            255.0
          ],
          "arrowSize": 37,
          "arrowWeight": 2.0,
          "color": [
            0.5622222423553467,
            0.75,
            0.045833319425582886,
            255.0
          ],
          "style": "Box/Image",
          "weight": 3.0
        },
        "XModules": {
          "arrowColor": [
            255.0,
            0.0,
            0.0,
            255.0
          ],
          "arrowSize": 63,
          "arrowWeight": 2.0,
          "color": [
            0.6722222566604614,
            0.089629627764225,
            0.089629627764225,
            255.0
          ],
          "length": 0.30000001192092896,
          "style": "Box/Image",
          "weight": 0.0,
          "width": 0.30000001192092896
        },
        "bottom": 1638,
        "builtin": "2025 Reefscape",
        "height": 8.051901817321777,
        "left": 534,
        "right": 3466,
        "top": 291,
        "width": 17.54825210571289,
        "window": {
          "visible": true
        }
      },
      "/SmartDashboard/TestShooter": {
        "window": {
          "visible": true
        }
      }
    }
  },
  "NetworkTables": {
    "transitory": {
      "SmartDashboard": {
        "Field": {
          "double[]##v_/SmartDashboard/Field/Robot": {
            "open": true
          }
        }
      },
      "SwerveModuleState[]##v_DesiredStates": {
        "SwerveModuleState##v_[0]": {
          "Rotation2d##v_angle": {
            "open": true
          },
          "open": true
        }
      }
    }
  },
  "NetworkTables Info": {
    "visible": true
  },
  "Plot": {
    "Plot <0>": {
      "plots": [
        {
          "axis": [
            {
              "label": "Voltage",
              "lockMax": true,
              "lockMin": true,
              "max": 15.0,
              "min": -15.0
            },
            {
              "label": "Position Value",
              "lockMax": true,
              "lockMin": true,
              "max": 150.0,
              "min": -150.0
            },
            {
              "label": "Position Percent",
              "lockMax": true,
              "lockMin": true,
              "min": -1.0
            }
          ],
          "backgroundColor": [
            0.10000000149011612,
            0.10000000149011612,
            0.10000000149011612,
            1.0
          ],
          "height": 309,
          "name": "Motors",
          "series": [
            {
              "color": [
                0.0,
                0.7777777910232544,
                0.2851850986480713,
                1.0
              ],
              "id": "CANMotor:Talon FX (v6)[14]-motorVoltage",
              "name": "PipeShooter (Voltage)"
            },
            {
              "color": [
                0.9333333373069763,
                0.21224690973758698,
                0.1607407182455063,
                1.0
              ],
              "id": "CANEncoder:Talon FX (v6)[15]/Rotor Sensor-position",
              "name": "Elevator Falcon Leader (Position)",
              "yAxis": 1
            },
            {
              "color": [
                0.0,
                0.5666666030883789,
                1.0,
                1.0
              ],
              "id": "SPARK MAX [17]-Setpoint",
              "name": "Elbow Neo (Position)",
              "yAxis": 2
            }
          ],
          "yaxis2": true,
          "yaxis3": true
        }
      ],
      "window": {
        "name": "Overview Graphs"
      }
    }
  }
}
